<?xml version="1.0" encoding="UTF-8"?>
<response>
    <header>
        <resultCode>00</resultCode>
        <resultMsg>NORMAL SERVICE</resultMsg>
    </header>
    <body>
        <items>
            <item>
                <sdate>20230107000000</sdate>
                <stationcode>1</stationcode>
                <itemcode>90303</itemcode>
                <timecode>RH02</timecode>
                <value>14.7556</value>
            </item>
            <item>
                <sdate>20230107020000</sdate>
                <stationcode>1</stationcode>
                <itemcode>90303</itemcode>
                <timecode>RH02</timecode>
                <value>13.2949</value>
            </item>
            <item>
                <sdate>20230107040000</sdate>
                <stationcode>1</stationcode>
                <itemcode>90303</itemcode>
                <timecode>RH02</timecode>
                <value>20.4721</value>
            </item>
            <item>
                <sdate>20230107060000</sdate>
                <stationcode>1</stationcode>
                <itemcode>90303</itemcode>
                <timecode>RH02</timecode>
                <value>23.4483</value>
            </item>
            <item>
                <sdate>20230107080000</sdate>
                <stationcode>1</stationcode>
                <itemcode>90303</itemcode>
                <timecode>RH02</timecode>
                <value>100.5213</value>
            </item>
            <item>
                <sdate>20230107100000</sdate>
                <stationcode>1</stationcode>
                <itemcode>90303</itemcode>
                <timecode>RH02</timecode>
                <value>72.6795</value>
            </item>
            <item>
                <sdate>20230107120000</sdate>
                <stationcode>1</stationcode>
                <itemcode>90303</itemcode>
                <timecode>RH02</timecode>
                <value>97.6663</value>
            </item>
            <item>
                <sdate>20230107140000</sdate>
                <stationcode>1</stationcode>
                <itemcode>90303</itemcode>
                <timecode>RH02</timecode>
                <value>80.3474</value>
            </item>
            <item>
                <sdate>20230107160000</sdate>
                <stationcode>1</stationcode>
                <itemcode>90303</itemcode>
                <timecode>RH02</timecode>
                <value>69.5755</value>
            </item>
            <item>
                <sdate>20230107180000</sdate>
                <stationcode>1</stationcode>
                <itemcode>90303</itemcode>
                <timecode>RH02</timecode>
                <value>71.358</value>
            </item>
        </items>
        <numOfRows>10</numOfRows>
        <pageNo>1</pageNo>
        <totalCount>12</totalCount>
    </body>
</response>
